SSIM High,SSIM Low
0.22203560627079044,0.5376440547655341
