{
    "_runtime": 176,
    "_timestamp": 1684077549,
    "eval/avr": NaN,
    "eval/runtime": 169.9491,
    "eval/samples_per_second": 0.006,
    "eval/steps_per_second": 0.006,
    "eval/translate/fid": 272.68402925262905,
    "eval/translate/kid": NaN,
    "eval/translate/l2": 52.679771423339844,
    "eval/translate/psnr": 18.50313377380371,
    "eval/translate/ssim": 0.6290648471386094,
    "eval/weighted_loss": 0.0,
    "eval_samples": 1
}